Français,Español,IPA
comme,como,kɔm
je,yo,ʒə
son,su,sɔ̃
que,que,kə
il,él,il
était,era,etɛ
pour,para,puʁ
sur,sobre,syʁ
sont,son,sɔ̃
avec,con,avɛk
ils,ellos,il
être,ser,ɛtʁ
à,a,a
un,un,œ̃
avoir,tener,avwaʁ
ce,esto,sə
à partir de,desde,‿a paʁtiʁ də
par,por,paʁ
chaud,caliente,ʃo
mot,palabra,mo
mais,pero,mɛ
que,que,kə
certains,algunos,sɛʁtɛ̃
est,es,ɛ
il,él,il
vous,usted,vu
ou,o,u
eu,tenido,ø
la,la,la
de,de,də
à,a,a
et,y,e
un,un,œ̃
dans,en,dɑ̃
nous,nosotros,nu
boîte,caja,bwat
dehors,fuera,dəɔʁ
autre,otro,otʁ
étaient,eran,etɛ
qui,que,ki
faire,hacer,fɛʁ
leur,su,lœʁ
temps,tiempo,tɑ̃
si,si,si
volonté,voluntad,vɔlɔ̃te
comment,cómo,kɔmɑ̃
dit,dijo,di
un,uno,œ̃
chaque,cada,ʃak
dire,decir,diʁ
ne,no,nə
ensemble,juntos,ɑ̃sɑ̃bl
trois,tres,tʁwa
vouloir,querer,vulwaʁ
air,aire,ɛʁ
bien,bien,bjɛ̃
aussi,también,osi
jouer,jugar,ʒwe
petit,pequeño,pəti
fin,final,fɛ̃
mettre,poner,mɛtʁ
maison,casa,mɛzɔ̃
lire,leer,liʁ
main,mano,mɛ̃
port,paso,poʁ
grand,grande,gʁɑ̃
épeler,deletrear,epəle
ajouter,añadir,aʒute
même,mismo,mɛm
terre,tierra,tɛʁ
ici,aquí,isi
il faut,se necesita,il fo
grand,alto,gʁɑ̃
haut,alto,o
tel,como,tɛl
suivre,seguir,sɥivʁ
acte,acto,akt
pourquoi,por qué,puʁkwa
interroger,interrogar,ɛ̃tɛʁɔɡe
hommes,hombres,ɔm
changement,cambio,ʃɑ̃ʒmɑ̃
est allé,fue,ɛt ale
lumière,luz,lymjɛʁ
genre,género,ʒɑ̃ʁ
de,de,də
besoin,necesidad,bəzwɛ̃
maison,casa,mɛzɔ̃
image,imagen,imaʒ
essayer,intentar,eseje
nous,nosotros,nu
encore,aún,ɑ̃kɔʁ
animal,animal,animɑl
point,punto,pwɛ̃
mère,madre,mɛʁ
monde,mundo,mɔ̃d
près de,cerca de,pʁɛ də
construire,construir,kɔ̃stʁɥiʁ
soi,mismo,swa
terre,tierra,tɛʁ
père,padre,pɛʁ
tout,todo,tu
nouveau,nuevo,nuvɛl
travail,trabajo,tʁavaj
partie,parte,paʁti
prendre,tomar,pʁɑ̃dʁ
obtenir,obtener,ɔptəniʁ
lieu,lugar,ljø
fabriqué,fabricado,fabʁike
vivre,vivir,vivʁ
où,donde,u
après,después,apʁɛ
arrière,atrás,aʁjɛʁ
peu,poco,pø
seulement,sólo,sələmɑ̃
tour,vuelta,tuʁ
homme,hombre,ɔm
année,año,anɛ
est venu,vino,ɛ vəny
montrer,mostrar,mɔ̃tʁe
tous,todo,tu
bon,buen,bɔ̃
moi,yo,mwa
donner,dar,dɔne
notre,nuestro,notʁ
sous,bajo,su
nom,nombre,nɔ̃
très,muy,tʁɛ
par,por,paʁ
juste,justo,ʒyst
forme,forma,fɔʁm
phrase,frase,fʁaz
grand,gran,ɡʁɑ̃
penser,pensar,pɑ̃se
dire,decir,diʁ
aider,ayudar,ɛde
faible,débil,fɛbl
ligne,línea,liɲ
différer,diferir,difeʁe
tour,tour,tuʁ
la cause,la causa,la koz
beaucoup,mucho,boku
signifier,significar,siɲifiʁe
avant,antes,avɑ̃
déménagement,mudanza,de.mɑ̃naʒmɑ̃
droit,derecho,dʁwa
garçon,niño,ɡaʁsɔ̃
vieux,viejo,vjø
trop,demasiado,tʁo
même,mismo,mɛm
elle,ella,ɛl
tous,todo,tu
là,allí,la
quand,cuándo,kɑ̃
jusqu’à,hasta,ʒysko
utiliser,utilizar,ytilize
votre,su,vɔtʁ
manière,manera,manjɛʁ
sur,sobre,syʁ
beaucoup,mucho,boku
puis,luego,pɥi
les,los,le
écrire,escribir,ekʁiʁ
voudrais,gustaría,vudʁɛ
comme,como,kɔm
si,si,si
ces,estos,sɛ
son,su,sɔ̃
long,largo,lɔ̃ɡ
faire,hacer,fɛʁ
chose,cosa,ʃoz
voir,ver,vwaʁ
lui,a él,lɥi
deux,dos,dø
a,a,a
regarder,mirar,ʁəɡaʁde
plus,más,plys
jour,día,ʒuʁ
pourrait,podría,puʁʁɛ
aller,ir,ale
venir,venir,vəniʁ
fait,hecho,fɛ
nombre,número,nɔ̃bʁ
son,su,sɔ̃
aucun,ninguno,o.kœ̃
plus,más,plys
personnes,personas,pɛʁsɔn
ma,mi,mɑ̃
sur,sobre,syʁ
savoir,saber,savwaʁ
eau,agua,o
que,que,kə
appel,llamada,apɛl
première,primero,pʁəmjɛʁ
qui,quien,ki
peut,puede,pø
vers le bas,hacia abajo,vɛʁ lə ba
côté,lado,kot
été,verano,ete
maintenant,ahora,mɛ̃tənɑ̃
trouver,encontrar,tʁuve
tête,cabeza,tɛt
supporter,soportar,sypɔʁte
propre,limpio,pʁɔpʁ
page,página,paʒ
devrait,debería,dəvʁɛ
pays,país,pɛi
trouvé,encontrado,tʁuve
réponse,respuesta,ʁe.pɔ̃s
école,escuela,ekɔl
croître,crecer,kʁwɛtʁ
étude,estudio,etyd
encore,aún,ɑ̃kɔʁ
apprendre,aprender,apʁɑ̃dʁ
usine,fábrica,yzin
couvercle,tapa,kuvɛʁkl
nourriture,comida,nuʁityʁ
soleil,sol,sɔ.lɛj
quatre,cuatro,katʁ
entre,entre,ɑ̃tʁ
état,estado,eta
garder,guardar,ɡaʁde
œil,ojo,œj
jamais,nunca,ʒamɛ
dernier,último,dɛʁ.nje
laisser,dejar,lɛ.se
pensée,pensamiento,pɑ̃.se
ville,ciudad,vil
arbre,árbol,ɑʁbʁ
traverser,cruzar,tʁavɛʁse
ferme,granja,fɛʁm
dur,duro,dyʁ
début,comienzo,de.by
puissance,poder,pɥisɑ̃s
histoire,historia,istwaʁ
scie,sierra,si
loin,lejos,lwɛ̃
mer,mar,mɛʁ
tirer,tirar,tɪ.ʁe
gauche,izquierda,ɡoʃ
tard,tarde,taʁd
courir,correr,ku.ʁiʁ
needs a context,necesita contexto,
tandis que,mientras que,tɑ̃.di kə
presse,prensa,pʁɛs
proche,cercano,pʁɔʃ
nuit,noche,nɥi
réel,real,ʁeɛl
vie,vida,vi
peu,poco,pø
nord,norte,nɔʁ
livre,libro,livʁ
porter,llevar,pɔʁ.te
a pris,tomó,a pʁi
science,ciencia,sjɑ̃s
manger,comer,mɑ̃.ʒe
chambre,habitación,ʃɑ̃bʁ
ami,amigo,ami
a commencé,comenzó,a kɔ.mɑ̃.se
idée,idea,i.de
poisson,pez,pwa.sɔ̃
montagne,montaña,mɔ̃.taɲ
Arrêtez,pare,ʁɛ.tɛ
une fois,una vez,yn fwɑ
base,base,baz
entendre,escuchar,ɑ̃.tɑ̃dʁ
cheval,caballo,ʃə.val
coupe,corte,ku
sûr,seguro,syʁ
regarder,mirar,ʁə.ɡaʁ.de
couleur,color,kulœʁ
face,cara,fas
bois,madera,bwa
principal,principal,pʁɛ̃.si.pal
ouvert,abierto,u.vɛʁ
paraître,parecer,pa.ʁɛtʁ
ensemble,junto,ɑ̃sɑ̃bl
suivant,siguiente,sɥivɑ̃
blanc,blanco,blɑ̃
enfants,niños,ɑ̃.fɑ̃
commencer,comenzar,kɔ.mɑ̃.se
eu,tuve,ø
marcher,caminar,maʁ.ʃe
exemple,ejemplo,ɛɡ.zɑ̃pl
facilité,facilidad,fasili.te
papier,papel,pa.pje
groupe,grupo,ɡʁup
toujours,siempre,tu.ʒuʁ
musique,música,my.zik
ceux,aquellos,sø
tous les deux,ambos,tu le dø
marque,marca,maʁk
souvent,a menudo,suvɑ̃
lettre,carta,lɛtʁ
jusqu’à ce que,hasta que,ʒysko sə kə
mile,milla,mil
rivière,río,ʁi.vjɛʁ
voiture,coche,vwat.yʁ
pieds,pies,pje
soins,cuidado,sɛ̃
deuxième,segundo,dø.zjɛm
assez,bastante,asɛ
plaine,llanura,plɛn
fille,chica,fi.j
habituel,habitual,abitɥɛl
jeune,joven,ʒœn
prêt,preparado,prɛ
au-dessus,por encima de,o də.sy
jamais,nunca,ʒamɛ
rouge,rojo,ruʒ
liste,lista,list
bien que,aunque,bjɛ̃ kə
sentir,sentir,sɑ̃.tiʁ
parler,hablar,paʁ.le
oiseau,pájaro,wa.zo
bientôt,pronto,bjɛ̃.to
corps,cuerpo,kɔʁ
chien,perro,ʃjɛn
famille,familia,fa.mi.j
direct,directo,di.ʁɛ
pose,poses,pɔz
laisser,dejar,lɛ.se
chanson,canción,ʃɑ̃.sɔ̃
mesurer,medir,mə.zy.ʁe
porte,puerta,pɔʁt
produit,producto,pʁɔ.dɥi
noir,negro,nwaʁ
court,corto,kut
chiffre,número,ʃifʁ
classe,clase,klas
vent,viento,vɑ̃
question,pregunta,kɛs.tjɔ̃
arriver,llegar,a.ʁi.ve
complète,completa,kɔ̃.plɛt
navire,barco,na.viʁ
zone,zona,zɔn
moitié,mitad,mwa.tje
rock,roca,ʁɔk
ordre,orden,ɔʁdʁ
feu,fuego,fø
sud,sur,syd
problème,problema,pʁɔ.blɛm
pièce,pieza,pjɛs
dit,dicho,di
savait,sabía,sa.vɛ
passer,pasar,pa.se
depuis,desde,də.pɥi
haut,alto,o
ensemble,junto,ɑ̃.sɑ̃bl
roi,rey,ʁwa
rue,calle,ʁy
pouce,pulgada,pus
multiplier,multiplicar,myl.ti.pli.je
rien,nada,ʁjɛ̃
cours,curso,kur
rester,quedar,ʁɛs.te
roue,rueda,ʁu
plein,lleno,plɛ̃
force,fuerza,fɔʁs
bleu,azul,blø
objet,objeto ɔb.ʒɛ,
décider,decidir,de.si.de
surface,superficie,syʁ.fas
profond,profundo,prɔ.fɔ̃
lune,luna,lyn
île,isla,il
pied,pie,piɛ
système,sistema,sis.tɛm
occupé,ocupado,ɔ.ky.pe
test,prueba,tɛst
record,registro,ʁə.kɔʁ
bateau,barco,ba.to
commun,común,kɔ.mœ̃
or,oro,ɔʁ
possible,posible,pɔ.sibl
plan,plan,plɑ̃
place,lugar,plas
sec,seco,sɛk
se demander,preguntarse,sə də.mɑ̃.de
rire,reír,ʁiʁ
mille,mil,mil
il ya,hace,ya
ran,rango,ʁɑ̃
vérifier,verificar,ve.ʁi.fje
jeu,juego,ʒø
forme,forma,fɔʁm
assimiler,asimilar,asi.mi.le
chaud,caliente,ʃo
manquer,faltar,mɑ̃.ke
apporté,llevado,a.pɔʁ.te
chaleur,calor,ʃa.lœʁ
neige,nieve,nɛʒ
pneu,neumático,pny
apporter,llevar,a.pɔʁ.te
oui,sí,wi
lointain,lejano,lwɛ̃.tɛ̃
remplir,llenar,ʁɑ̃.pliʁ
est,es,ɛ
peindre,pintar,pɛ̃dʁ
langue,lengua,lɑ̃g
entre,entre,ɑ̃tʁ
unité,unidad,y.ni.te
puissance,poder,pɥisɑ̃s
ville,ciudad,vil
fin,final,fɛ̃
certain,seguro,sɛʁ.tɛ̃
voler,volar,vo.le
tomber,caer,tɔ̃.be
conduire,conducir,kɔ̃.dɥiʁ
cri,grito,kʁi
sombre,oscuro,sɔ̃bʁ
machine,máquina,ma.ʃin
Note,nota,not
patienter,esperar,pa.sjɑ̃.te
plan,plan,plɑ̃
figure,figura,fi.ɡyʁ
étoile,estrella,e.twal
boîte,caja,bwat
nom,nombre,nɔ̃
domaine,dominio,dɔ.ma.in
reste,resto,ʁɛst
correct,correcto,kɔ.ʁɛk
capable,capaz,ka.bl
livre,libro,livʁ
Terminé,terminado,tɛʁ.mi.ne
beauté,belleza,bo.te
entraînement,entrenamiento,ɑ̃.tʁɛn.mɑ̃
résisté,resistido,ʁe.zis.te
contenir,contener,kɔ̃.tə.niʁ
avant,antes,avɑ̃
enseigner,enseñar,ɑ̃.sɛ.ɲe
semaine,semana,sɛ.mɛn
finale,final,fina.l
donné,dado,dɔ.ne
vert,verde,vɛʁ
oh,oh,o
rapide,rápido,ʁa.pid
développer,desarrollar,de.və.lɔ.pe
océan,océano,ɔ.se.ɑ̃
chaud,caliente,ʃo
gratuit,gratis,ɡʁa.tɥi
minute,minuto,mi.nyt
fort,fuerte,fɔʁ
spécial,especial,spe.sjal
esprit,mente,ɛ.spʁi
derrière,detrás de,de.ʁjɛʁ
clair,claro,klɛʁ
queue,cola,kø
produire,producir,pʁɔ.dyiʁ
fait,hecho,fɛ
espace,espacio,ɛs.pas
entendu,entendido,ɑ̃.tɑ̃.dy
meilleur,mejor,mɛ.jœʁ
heure,hora,œʁ
mieux,mejor,mjø
vrai,verdadero,vʁɛ
pendant,durante,pɑ̃.dɑ̃
cent,cien,sɑ̃
cinq,cinco,sɛ̃k
rappeler,recordar,ʁa.ple
étape,paso,e.tap
tôt,temprano,to
tenir,sostener,tə.niʁ
ouest,oeste,wɛst
sol,suelo,sɔl
intérêt,interés,ɛ̃.te.ʁɛ
atteindre,alcanzar,a.tɛ̃dʁ
rapide,rápido,ʁa.pid
verbe,verbo,vɛʁb
chanter,cantar,ʃɑ̃.te
écouter,escuchar,e.ku.te
six,seis,sis
table,mesa,tɑbl
Voyage,viaje,vwa.jaʒ
moins,menos,mwɛ̃
matin,mañana,ma.tɛ̃
dix,diez,dis
simple,simple,sɛ̃pl
plusieurs,varios,ply.zjœʁ
voyelle,vocal,vwajɛl
vers,hacia,vɛʁ
guerre,guerra,ɡɛʁ
poser,colocar,pɔ.ze
contre,contra,kɔ̃tʁ
modèle,modelo,mɔ.dɛl
lent,lento,lɑ̃
centre,centro,sɑ̃tʁ
amour,amor,a.muʁ
personne,persona,pɛʁ.sɔn
argent,dinero,ar.ʒɑ̃
servir,servir,sɛʁ.viʁ
apparaître,aparecer,a.pa.ʁɛtʁ
route,camino,ʁut
carte,tarjeta,kart
pluie,lluvia,plɥi
règle,regla,ʁɛɡl
gouverner,gobernar,ɡu.vɛʁ.ne
tirer,tirar,ti.ʁe
froid,frío,fʁwa
avis,opinión,avi
voix,voz,vwa
énergie,energía,e.nɛʁ.ʒi
chasse,caza,ʃas
probable,probable,pʁɔ.ba.bl
lit,cama,li
frère,hermano,fʁɛʁ
œuf,huevo,œf
tour,tour,tuʁ
cellule,célula,sɛ.lyl
croire,creer,kʁwaʁ
peut-être,tal vez,pø.tɛt tɛtʁ
choisir,elegir,ʃwa.ziʁ
soudain,repentino,su.dɛ̃
compter,contar,kɔ̃.te
carré,cuadrado,ka.ʁe
raison,razón,ʁɛ.zɔ̃
longueur,longitud,lɔ̃.ɡœʁ
représenter,representar,ʁɛ.pʁe.zɑ̃.te
art,arte,aʁ
sujet,tema,sy.ʒɛ
région,región,ʁe.ʒjɔ̃
taille,tamaño,taj
varier,variar,va.ʁje
régler,ajustar,ʁe.ʒle
parler,hablar,paʁ.le
poids,peso,pwa
général,general,ʒe.ne.ʁal
glace,helado,ɡlas
question,pregunta,kɛs.tjɔ̃
cercle,círculo,sɛʁkl
paire,par,paʁ
inclure,incluir,ɛ̃.klyʁ
fracture,fractura,fʁak.tyʁ
syllabe,sílaba,si.lab
feutre,fieltro,føtʁ
grandiose,grandioso,ɡʁɑ̃.djɔz
balle,bola,bal
encore,otra vez,ɑ̃.kɔʁ
vague,ola,vaɡ
tomber,caer,tɔ̃.be
cœur,corazón,kœʁ
h,silenciosa,aʃ
présent,presente,pʁe.zɑ̃
lourd,pesado,luʁ
danse,baile,dɑ̃s
moteur,motor,mɔ.tœʁ
position,posición,pɔ.zi.sjɔ̃
bras,brazo,bʁa
large,ancho,laʁʒ
voile,vela,vwal
matériel,material,ma.te.ʁjɛl
fraction,fracción,fʁak.sjɔ̃
forêt,bosque,fɔ.ʁɛ
s’asseoir,sentarse,sas.waʁ
course,carrera,kɔʁs
fenêtre,ventana,fə.nɛtʁ
magasin,tienda,ma.ɡa.zɛ̃
été,verano,e.te
train,tren,tʁɛ̃
sommeil,sueño,sɔ.mɛj
prouver,probar,pru.ve
seul,solo,sœl
jambe,pierna,ʒɑ̃b
exercice,ejercicio,ɛɡ.zɛʁ.sis
mur,pared,myʁ
capture,captura,ka.py.tyʁ
monture,montura,mɔ̃.tyʁ
souhaiter,deseo,su.ɛ.tɛ
ciel,cielo,sjɛl
conseil,consejo,kɔ̃.sɛj
joie,alegría,ʒwa
hiver,invierno,ivɛʁ
sat,satisfecho,sat
écrit,escrito,e.kʁi
sauvage,salvaje,so.vaʒ
instrument,instrumento,ɛ̃s.tʁy.mɑ̃
conservé,conservado,kɔ̃.sɛʁ.ve
verre,vidrio,vɛʁ
herbe,hierba,ɛʁb
vache,vaca,vɑʃ
emploi,empleo,ɑ̃.plwa
bord,borde,bɔʁ
signe,signo,siɲ
visite,visita,vi.zit
passé,pasado,pɑ.se
doux,suave,du
amusement,diversión,a.myz.mɑ̃
clair,claro,klɛʁ
gaz,gas,ɡaz
temps,tiempo,tɑ̃
mois,mes,mwa
million,millón,mi.ljɔ̃
porter,llevar,pɔʁ.te
finition,acabado,fi.ni.sjɔ̃
heureux,feliz,œ.ʁø
espoir,esperanza,ɛs.pwaʁ
fleur,flor,flœʁ
vêtir,vestir,vɛ.tiʁ
étrange,extraño,e.tʁɑ̃ʒ
disparu,desaparecido,dis.pa.ʁy
commerce,comercio,kɔ.mɛʁs
mélodie,melodía,me.lɔ.di
voyage,viaje,vɔ.jaʒ
bureau,oficina,byʁ.o
recevoir,recibir,ʁə.sə.vwaʁ
rangée,fila,rɑ̃.ʒe
bouche,boca,buʃ
exact,exacto,ɛɡ.zakt
symbole,símbolo,sɛ̃.bɔl
mourir,morir,mu.ʁiʁ
moins,menos,mwɛ̃
difficulté,dificultad,di.fi.kyl.te
cri,grito,kʁi
sauf,excepto,sof
écrit,escrito,e.kʁi
semence,semilla,sə.mɑ̃s
ton,tu,tɔ̃
joindre,unir,ʒwɛ̃dʁ
suggérer,sugerir,sy.ʒe.ʁe
propre,propio,pʁɔpʁ
pause,pausa,poːz
dame,dama,dam
cour,tribunal,kuʁ
augmenter,aumentar,oɡ.mɑ̃.te
mauvais,malo,mo.vɛ
coup,golpe,ku
huile,aceite,ɥil
sang,sangre,sɑ̃ɡ
toucher,tocar,tu.ʃe
a augmenté,aumentado,oɡ.mɑ̃.te
cent,cien,sɑ̃
mélanger,mezclar,me.lɑ̃.ʒe
équipe,equipo,e.kip
fil,hilo,fil
coût,costo,kut
perdu,perdido,pɛʁ.dy
brun,marrón,bʁœ̃
porter,llevar,pɔʁ.te
jardin,jardín,ʒaʁ.dɛ̃
égal,igual,e.ɡal
expédié,enviado,ɛk.spe.dje
choisir,elegir,ʃwa.ziʁ
est tombé,ha caído,ɛ tɔ̃.be
s’adapter,adaptarse,s‿a.dap.te
débit,flujo,de.bi
juste,justo,ʒyst
banque.banco,banco,bɑ̃k
recueillir,recolectar,ʁə.kœj.iʁ
sauver,salvar,so.ve
contrôle,control,kɔ̃.tʁol
décimal,decimal,de.si.mal
oreille,oreja,ɔ.ʁɛj
autre,otro,otʁ
tout à fait,totalmente,tu a fɛ
cassé,roto,ka.se
cas,cazo,kɑ
milieu,medio,mi.ljø
tuer,matar,tɥe
fils,hijo,fis
lac,lago,lak
moment,momento,mɔ.mɑ̃
échelle,escala,e.ʃɛl
fort,fuerte,fɔʁ
printemps,primavera,pʁɛ̃.tɑ̃
observer,observar,ɔb.sɛʁ.ve
enfant,niño,ɑ̃.fɑ̃
droit,derecho,dʁwa
consonne,consonante,kɔ̃.sɔn
nation,nación,na.sjɔ̃
dictionnaire,diccionario,di.ksjɔ.nɛʁ
lait,leche,lɛ
vitesse,velocidad,vi.tɛs
méthode,método,me.tɔd
organe,órgano,ɔʁ.ɡan
payer,pagar,pe.je
âge,edad,ɑʒ
section,sección,sɛk.sjɔ̃
robe,vestido,ʁɔb
nuage,nube,nyb
surprise,sorpresa,syʁ.pʁiz
calme,calma,kalm
pierre,piedra,pjɛʁ
minuscule,minúsculo,mi.ny.skyl
montée,subida,mɔ̃.te
frais,fresco,fʁɛ
conception,concepción,kɔ̃.sɛp.sjɔ̃
pauvres,pobres,povʁ
lot,lote,lo
expérience,experiencia,ɛk.spe.ʁjɑ̃s
bas,bajo,ba
clé,llave,kle
fer,hierro,fɛʁ
unique,único,y.nik
bâton,palo,bɑ.tɔ̃
plat,plano,pla
vingt,veinte,vɛ̃
peau,piel,po
sourire,sonreír,su.ʁiʁ
pli,doble,pli
trou,agujero,tru
sauter,saltar,so.te
bébé,bebé,be.be
huit,ocho,wit
village,pueblo,vilaʒ
se rencontrent,se encuentran,sə ʁɑ̃.kɔ̃tʁ
racine,raíz,ʁa.sin
acheter,comprar,a.ʃə.te
augmenter,aumentar,oɡ.mɑ̃.te
résoudre,resolver,ʁe.zudʁ
métal,metal,me.tal
si,sí,si
pousser,empujar,pu.se
sept,siete,sɛt
paragraphe,párrafo,pa.ʁa.f
troisième,tercero,tʁwa.zjɛm
doit,deber,dwa
en attente,pendiente,ɑ̃ a.tɑ̃d
cheveux,pelo,ʃə.vø
décrire,describir,de.kʁiʁ
cuisinier,cocinero,kɥi.zi.nje
étage,piso,e.taʒ
chaque,cada,ʃak
résultat,resultado,ʁe.zyl.ta
brûler,quemar,bʁy.le
colline,colina,ko.lin
coffre-fort,caja fuerte,kɔfʁ fɔʁ
chat,gato,ʃa
siècle,siglo,sjɛkl
envisager,considerar,ɑ̃.vi.za.ʒe
type,tipo,tip
droit,derecho,dʁwa
peu,poco,pø
côte,costa,kot
copie,copia,ko.pi
phrase,frase,fʁaz
silencieux,silencioso,si.lɑ̃.sjø
haut,alto,o
sable,arena,sɑbl
sol,suelo,sɔl
rouleau,rollo,ʁu.lo
température,temperatura,tɑ̃.pɛ.ʁa.tyʁ
doigt,dedo,dwa
industrie,industria,ɛ̃.dys.tʁi
valeur,valor,va.lœʁ
lutte,lucha,lyt
mensonge,mentira,mɑ̃.sɔ̃ʒ
battre,golpear,batʁ
exciter,excitar,ɛk.si.te
naturel,natural,na.ty.ʁɛl
vue,vista,vy
sens,sentido,sɑ̃s
capital,capital,ka.pi.tal
ne sera pas,no será,nə sə.ʁa pa
chaise,silla,ʃɛz
danger,peligro,dɑ̃.ʒe
fruit,fruta,fʁɥi
riche,rico,ʁiʃ
épais,grueso,epɛ
soldat,soldado,sɔl.da
processus,proceso,pʁɔ.sɛ.sys
fonctionner,funcionar,fɔ̃k.sjɔ.ne
pratique,práctico,pʁa.tik
séparé,separado,se.pa.ʁe
difficile,difícil,di.fi.sil
médecin,médico,me.də.sɛ̃
s’il vous plaît,por favor,sil vu plɛ
protéger,proteger,pʁɔ.te.ʒe
midi,mediodía,mi.di
récolte,cosecha,ʁe.kɔlt
moderne,moderno,mɔ.dɛʁn
élément,elemento,e.le.mɑ̃
frapper,golpear,fʁa.pe
étudiant,estudiante,e.ty.djɑ̃
coin,esquina,kwɛ̃
partie,parte,paʁ.ti
alimentation,alimentación,a.li.mɑ̃.ta.sjɔ̃
dont,cuyo,dɔ̃
localiser,localizar,lo.ka.li.ze
anneau,anillo,a.no
caractère,carácter,ka.ʁak.tɛʁ
insecte,insecto,ɛ̃.sɛkt
pris,tomado,pʁi
période,periodo,pe.ʁjɔd
indiquer,indicar,ɛ̃.di.ke
radio,radio,ʁa.djo
rayon,radiante,ʁɛ.jɔ̃
atome,átomo,a.tɔm
humain,humano,ymɛ̃
histoire,historia,is.twaʁ
effet,efecto,e.fɛ
électrique,eléctrico,e.lɛk.tʁik
attendre,esperar,a.tɑ̃dʁ
os,hueso,ɔ
rail,riel,ʁaj
imaginer,imaginar,i.ma.ʒi.ne
fournir,suministrar,fuʁ.niʁ
se mettre d’accord,ponerse de acuerdo,sə mɛtʁ da.kɔʁ
ainsi,así,ɛ̃.si
doux,suave,du
femme,mujer,fam
capitaine,capitán,ka.pi.tɛn
deviner,adivinar,də.vi.ne
nécessaire,necesario,ne.sɛ.sɛʁ
net,neto,net
aile,ala,ɛl
créer,crear,kʁe.e
voisin,vecino,vwa.zɛ̃
lavage,lavado,la.vaʒ
chauve-souris,murciélago,ʃov.su.ʁi
plutôt,preferiblemente,ply.to
foule,multitud,ful
blé,trigo,ble
comparer,comparar,kɔ̃.pa.ʁe
poème,poema,pɔ.ɛm
chaîne,cadena,ʃɛn
cloche,campana,klɔʃ
dépendre,depender,de.pɑ̃dʁ
viande,carne,vjɑ̃d
rub,frotar,ʁyb
tube,tubo,tyb
célèbre,famoso,se.lɛbʁ
dollar,dólar,dɔ.laʁ
courant,corriente,ku.ʁɑ̃
peur,miedo,pœʁ
vue,vista,vy
mince,delgado,mɛ̃s
triangle,tríangulo,tʁi.jɑ̃.ɡyl
planète,planeta,planɛt
se dépêcher,apresurarse,sə de.pe.ʃe
chef,jefe,ʃɛf
colonie,colonia,ko.lɔ.ni
horloge,reloj,ɔʁ.lɔʒ
mine,mina,min
lien,ligamento,li.jɛ̃
entrer,entrar,ɑ̃.tʁe
majeur,mayor,ma.ʒœʁ
frais,fresco,fʁɛ
recherche,investigación,ʁə.ʃɛʁʃ
envoyer,enviar,ɑ̃.vwa.je
jaune,amarillo,ʒon
pistolet,pistola,pis.tɔ.lɛ
permettre,permitir,pɛʁ.mɛtʁ
impression,impresión,ɛ̃.pʁɛ.sjɔ̃
mort,muerte,mɔʁ
place,lugar,plas
désert,desierto,de.zɛʁ
costume,traje,kɔs.tym
courant,corriente,ku.ʁɑ̃
ascenseur,ascensor,a.sɑ̃.sœʁ
rose,rosa,ʁoz
arriver,llegar,a.ʁi.ve
maître,maestro,mɛtʁ
piste,pista,pist
mère,madre,mɛʁ
rivage,orilla,ʁi.vaʒ
division,división,di.vi.zjɔ̃
feuille,hoja,fœj
substance,sustancia,syb.stɑ̃s
favoriser,favorecer,fa.vɔ.ʁe.se
relier,conectar,rə.lje
poste,puesto,pɔst
passer,pasar,pa.se
corde,cuerda,kɔʁd
graisse,grasa,gʁɛs
heureux,feliz,œ.ʁø
original,original,ɔ.ʁi.ʒi.nal
part,parte,paʁt
station,estación,sta.sjɔ̃
papa,papá,papa
pain,pan,pɛ̃
charger,cargar,ʃaʁ.ʒe
propre,limpio,pʁɔpʁ
bar,bar,baʁ
proposition,propuesta,pʁɔ.pɔ.zi.sjɔ̃
segment,segmento,sɛɡ.mɑ̃
esclave,esclavo,ɛsklav
canard,pato,ka.naʁ
instant,instante,ɛ̃.stɑ̃t
marché,mercado,maʁ.ʃe
degré,grado,də.ɡʁe
peupler,poblar,pø.ple
poussin,pollito,pusɛ̃
cher,caro,ʃɛʁ
ennemi,enemigo,ɛnəmi
répondre,responder,ʁepɔ̃dʁ
boisson,bebida,bwazɔ̃
se produire,ocurrir,sə pʁɔdyiʁ
support,soporte,sypɔʁ
discours,discurso,diskuʁ
nature,naturaleza,na.tyʁ
gamme,gama,gam
vapeur,vapor,vapœʁ
mouvement,movimiento,muvmɑ̃
chemin,camino,ʃəmɛ̃
liquide,líquido,likid
enregistrer,grabar,ɑ̃ʁeʒiste
signifiait,significaba,siɲifje
quotient,cociente,kɔsjɑ̃
dents,dientes,dɑ̃
coquille,concha,kɔkij
cou,cuello,ku
oxygène,oxígeno,ɔksiʒɛn
sucre,azúcar,sy.kʁ
décès,defunción,de.sɛ
assez,lo suficiente,asɛ
compétence,competencia,kɔ̃petɑ̃s
femmes,mujeres,fam
saison,temporada,sɛzɔ̃
solution,solución,sɔlysjɔ̃
aimant,imán,ɛmɑ̃
argent,dinero,arʒɑ̃
merci,gracias,mɛʁsi
branche,rama,bʁɑ̃ʃ
rencontre,encuentro,ʁɑ̃kɔ̃tʁ
suffixe,sufijo,syfiks
particulièrement,particularmente,paʁtikyljɛʁmɑ̃
figue,higo,fiɡ
peur,miedo,pœʁ
énorme,enorme,enɔʁm
sœur,hermana,sœʁ
acier,acero,asje
discuter,discutir,diskyte
avant,antes,avɑ̃
similaire,similar,similɛʁ
guider,guiar,ɡide
expérience,experiencia,ɛkspeʁjɑ̃s
score,puntuación,skɔʁ
pomme,manzana,pɔm
acheté,comprado,ʃte
LED,LED,ɛl.e.de
pas,no,pa
manteau,abrigo,mɑ̃to
masse,masa,mɑs
carte,tarjeta,kaʁt
bande,tira,band
corde,cuerda,kɔʁd
glissement,deslizamiento,ɡlis.mɑ̃
gagner,ganar,ɡaɲe
rêver,soñar,ʁɛve
soirée,noche,sɔʁe
condition,condición,kɔ̃dɪsjɔ̃
alimentation,alimentación,alimɑ̃tasjɔ̃
outil,herramienta,u.til
total,total,to.tal
de base,de base,dəbaz
odeur,olor,ɔdœʁ
vallée,valle,va.le
ni,ni,ni
double,doble,dubl
siège,asiento,sjɛʒ
continuer,continuar,kɔ̃tinɥe
bloc,bloque,blok
graphique,gráfico,ɡʁafik
chapeau,sombrero,ʃapo
vendre,vender,vɑ̃dʁ
succès,éxito,syksɛs
entreprise,empresa,ɑ̃tʁəpʁiz
soustraire,restar,sustʁɛʁ
événement,evento,events
particulier,particular,paʁtikylje
accord,acuerdo,akɔʁ
baignade,baño,bajnad
terme,término,teʁm
opposé,opuesto,ɔpoze
femme,mujer,fam
chaussure,zapato,ʃosyʁ
épaule,hombro,epɔl
propagation,propagación,pʁɔpaɡasjɔ̃
organiser,organizar,ɔʁɡanize
camp,campo,kɑ̃
inventer,inventar,ɛ̃vɑ̃te
coton,algodón,kɔtɔ̃
né,nacido,ne
déterminer,determinar,detɛʁmine
litre,litro,litr
neuf,nueve,nœf
camion,camión,kamjɔ̃
bruit,ruido,bʁɥi
niveau,nivel,nivo
chance,oportunidad,ʃɑ̃s
recueillir,recolectar,ʁəkœjiʁ
boutique,tienda,butik
tronçon,sección,tʁɔ̃sɔ̃
jeter,tirar,ʒəte
éclat,brillo,ekla
propriété,propiedad,pʁɔpʁijete
colonne,columna,kɔlɔn
molécule,molécula,mɔlekyl
sélectionner,seleccionar,seleksjɔne
mal,mal,mal
gris,gris,ɡʁi
répétition,repetición,ʁepetisjɔ̃
exiger,exigir,ɛɡziʒe
large,ancho,laʁʒ
préparer,preparar,pʁepaʁe
sel,sal,sɛl
nez,nariz,ne
pluriel,plural,plyʁjɛl
colère,enojo,kɔlɛʁ
revendication,reclamación,ʁəvɑ̃dikasjɔ̃